{
  "f_18": 0.23881281947390734,
  "f_39": 0.1626068927090006,
  "f_32": 0.1527794248650353,
  "f_20": 0.0889455515191458,
  "f_41": 0.05130047696789323,
  "f_34": 0.05046012359315153,
  "f_22": 0.03578520135675099,
  "f_03": 0.0319901944156824,
  "f_15": 0.02049747961988759,
  "f_43": 0.01921728953401557,
  "f_11": 0.018438574021878398,
  "f_17": 0.016982399310746393,
  "f_36": 0.013467836328703117,
  "f_19": 0.013023483600061265,
  "f_40": 0.011242575618312045,
  "f_21": 0.010346392700806367,
  "f_02": 0.00985755725818372,
  "f_01": 0.009446779801644042,
  "f_10": 0.008775659215216027,
  "f_33": 0.008514896892978546
}