{
  "f_20": 0.4150655241893283,
  "f_22": 0.26455771758457763,
  "f_19": 0.21156679720280638,
  "f_03": 0.09531334484481285,
  "f_18": 0.005632634689994062,
  "f_33": 0.0029749537836089527,
  "f_42": 0.0005250220273779524,
  "f_39": 0.00045894140969851235,
  "f_35": 0.0003978406687495422,
  "f_21": 0.00030553781759969675,
  "f_02": 0.00028561506527168646,
  "f_01": 0.00021879117195078328,
  "f_17": 0.00019554071198633953,
  "f_32": 0.00018729575118483726,
  "f_34": 0.00018524095450823933,
  "f_43": 0.00017862554062725235,
  "f_10": 0.00017458933882982182,
  "f_36": 0.00015936467307416766,
  "f_31": 0.00012632924194945754,
  "f_11": 0.00012517124205170822
}