{
  "f_02": 0.049989654177263185,
  "f_20": 0.04753337471148377,
  "f_18": 0.04501591788693082,
  "f_24": 0.042607413895126345,
  "f_32": 0.04255153985407714,
  "f_40": 0.0425071130103839,
  "f_08": 0.04247783566047901,
  "f_17": 0.03996557610788871,
  "f_43": 0.037542838580210264,
  "f_41": 0.03750265844075911,
  "f_01": 0.037487225382019124,
  "f_09": 0.03747528926510304,
  "f_38": 0.035016682456689825,
  "f_22": 0.03500794347205598,
  "f_31": 0.03499032167705406,
  "f_15": 0.03498640557465582,
  "f_39": 0.030013164783180914,
  "f_21": 0.02995522977898928,
  "f_00": 0.027525595864198137,
  "f_42": 0.027504080467542474
}