{
  "f_19": 0.14999788797040473,
  "f_10": 0.10856711936580378,
  "f_14": 0.09872434387934169,
  "f_17": 0.09724900054365877,
  "f_02": 0.0924214366554733,
  "f_21": 0.07874383896130525,
  "f_40": 0.0641961614461661,
  "f_35": 0.05587151099270099,
  "f_42": 0.0509663186339754,
  "f_33": 0.04611672221748095,
  "f_38": 0.028083493574689835,
  "f_22": 0.02701580112493427,
  "f_43": 0.023270036528566962,
  "f_31": 0.019561003553770703,
  "f_20": 0.016723126189509097,
  "f_15": 0.011452576610829057,
  "f_03": 0.008204724839720547,
  "f_36": 0.006301409815987857,
  "f_18": 0.004148138295850902,
  "f_34": 0.0040740666179998756
}