{
  "f_03": 0.12041995949067853,
  "f_22": 0.10902571938489534,
  "f_20": 0.09393333332122666,
  "f_11": 0.08481131314845247,
  "f_15": 0.06988414462273636,
  "f_43": 0.06217819026504377,
  "f_18": 0.05729892252569855,
  "f_19": 0.046697900506865654,
  "f_32": 0.043654398486321654,
  "f_36": 0.04008613958996784,
  "f_39": 0.03616222262876869,
  "f_10": 0.026744197437745833,
  "f_41": 0.02646849628197291,
  "f_17": 0.02188679609845407,
  "f_02": 0.021490314134285083,
  "f_40": 0.020894312315816024,
  "f_35": 0.01926094878896134,
  "f_21": 0.018137583853320195,
  "f_34": 0.014933472810784398,
  "f_14": 0.013313038949125377
}